fc1_neurons,fc2_neurons,fc1_activ,fc2_activ,learning_rate,loss,acc
40,21,selu,elu,0.006792051678104,0.03408894687891,1.0
5,20,selu,linear,0.002619896792001,0.06666518747806599,0.9666666388511659
30,43,elu,tanh,0.009728583294305001,0.004429115448147,1.0
28,31,relu,linear,0.004456463863257999,0.042065788060427003,0.9666666388511659
5,21,sigmoid,linear,0.008903353403640998,0.153579011559486,0.9666666388511659
45,45,tanh,linear,0.000396367674567,0.036464836448431,1.0
27,50,exponential,linear,0.0024694886024939997,0.101941555738449,0.933333337306976
32,16,selu,exponential,0.007246266372502,0.444676905870438,0.7666666507720951
11,37,sigmoid,linear,0.009988777979532,0.244143143296242,0.8999999761581421
35,8,sigmoid,sigmoid,0.008784838131472999,0.036478485912084996,1.0
46,46,exponential,relu,0.008178325783904001,0.072496362030506,0.9666666388511659
31,42,exponential,linear,0.001994724458094,0.015774374827743,1.0
48,27,elu,tanh,0.00540173085707,0.127442359924316,0.9666666388511659
38,9,linear,relu,0.004235616849772,0.017310110852121998,1.0
45,24,tanh,selu,0.008121099831612,0.032303377985954,1.0
10,7,selu,selu,0.006772299801694,0.032644938677549,1.0
22,11,relu,exponential,0.00357478692293,0.314931273460388,0.833333313465118
5,33,selu,linear,0.0011855963781050001,0.066611379384995,1.0
14,41,linear,exponential,0.009011282464259,0.19294315576553306,0.9666666388511659
23,14,elu,linear,0.004383082895817,0.021448416635394,1.0
44,46,selu,selu,0.0036931504619720002,0.119940787553787,0.933333337306976
6,20,elu,tanh,0.004553288636719,0.045939054340124,1.0
11,37,sigmoid,linear,0.004029569708533,0.02691144309938,1.0
45,42,linear,tanh,0.0024963700847490003,0.18356722593307506,0.9666666388511659
38,9,tanh,sigmoid,0.0034104745551320004,0.16243045032024406,0.933333337306976
5,39,sigmoid,elu,0.009668615032836001,0.002467567799613,1.0
22,9,tanh,elu,0.007691564146093999,0.10960307717323299,0.933333337306976
28,7,exponential,linear,0.009057088968868,0.070918045938015,0.9666666388511659
36,21,sigmoid,linear,0.0045466434364969995,0.045022867619991,1.0
33,22,elu,exponential,0.005408726110870999,0.018594933673740002,1.0
44,41,exponential,elu,0.0071489362588259995,0.108234293758869,0.933333337306976
5,41,elu,linear,0.006633676777747,0.116180136799812,0.9666666388511659
44,50,selu,relu,0.009967406022477,0.010536069050431,1.0
36,35,exponential,selu,0.003732710933544,0.140026822686195,0.9666666388511659
9,45,relu,tanh,0.004304681468669001,0.075597412884235,0.9666666388511659
5,39,elu,tanh,0.009226657163498,0.012951761484146002,1.0
5,35,sigmoid,exponential,0.000972858258347,0.052292432636023,0.9666666388511659
9,38,selu,exponential,0.002353782115645,0.06982924789190299,0.9666666388511659
14,35,exponential,selu,0.0061604661435569995,0.2575573325157169,0.866666674613953
28,41,linear,relu,0.005986605700396,0.005768457427621,1.0
34,21,sigmoid,selu,0.00399892948286,0.006834650877863,1.0
43,41,exponential,linear,0.004354427918792,0.07641490548849099,0.9666666388511659
49,45,relu,sigmoid,0.001069766195201,0.10161904990673101,0.933333337306976
19,6,exponential,tanh,0.001039603314638,0.041004661470652,1.0
37,46,tanh,elu,0.008736699666913001,0.097021393477917,0.9666666388511659
43,27,tanh,linear,0.000165472290864,0.09182632714510001,0.933333337306976
49,36,exponential,selu,0.007830347531373,0.954367697238922,0.8999999761581421
40,14,linear,linear,0.0017855462748310005,0.274028182029724,0.933333337306976
16,9,sigmoid,tanh,0.007743682813819002,0.11431954801082599,0.9666666388511659
25,14,linear,relu,0.009106107703918,0.027170211076737,1.0
19,18,selu,sigmoid,0.009455621125036,0.14944863319397,0.9666666388511659
37,14,linear,tanh,0.004821552891801,0.08386869728565201,0.9666666388511659
50,45,exponential,exponential,0.00882000334961,0.149894312024117,0.933333337306976
15,45,exponential,linear,0.008206288373157001,0.049287095665932,1.0
10,35,sigmoid,tanh,0.0017257395303870002,0.05746114999055901,0.9666666388511659
25,19,tanh,tanh,0.008668459552879,0.116181500256062,0.933333337306976
35,7,exponential,selu,0.001959692475539,0.161460846662521,0.933333337306976
33,20,linear,linear,0.007275024520494002,0.019803000614047002,1.0
28,21,relu,linear,0.0071061164367,0.06448920071125,0.9666666388511659
30,25,linear,linear,0.008276529785704,0.174664720892906,0.933333337306976
29,36,relu,sigmoid,0.004626148163861,0.033573288470507,1.0
6,9,relu,linear,0.007289212196676998,0.043855678290129,0.9666666388511659
10,40,sigmoid,selu,0.006028745176895,0.033443078398705,1.0
39,19,linear,exponential,0.00755180605846,0.007407939992845,1.0
45,13,selu,exponential,0.008448603687193,0.064462721347809,1.0
19,17,elu,elu,0.004386345575638,0.14230918884277302,0.933333337306976
44,6,selu,relu,0.009991218957398,0.16523422300815602,0.9666666388511659
11,9,sigmoid,selu,0.005395897711105,0.012704759836197,1.0
18,37,selu,selu,0.0067780364421169996,0.023160381242633,1.0
39,35,sigmoid,elu,0.006773705593078,0.018096446990966998,1.0
16,40,selu,relu,0.009220424229791,0.039749693125486,1.0
43,20,exponential,sigmoid,0.001827401386793,0.126143127679825,0.9666666388511659
33,36,linear,elu,0.005371782742992001,0.002862317254767,1.0
22,32,linear,sigmoid,0.0058422801760669996,0.150464743375778,0.933333337306976
50,30,linear,linear,0.006374323839174001,0.613033354282379,0.8999999761581421
27,38,tanh,sigmoid,0.008165176608617,0.069009780883789,0.9666666388511659
9,17,sigmoid,tanh,0.00033936745144300004,0.04734869301319099,1.0
33,41,elu,sigmoid,0.00182221705235,0.296768724918365,0.8999999761581421
15,31,sigmoid,selu,0.009240175730943,0.037365026772022004,0.9666666388511659
27,11,tanh,elu,0.001622042055567,0.030126936733723,1.0
45,34,tanh,elu,0.005174565152517,0.010398870334029,1.0
25,19,selu,linear,0.007646823846242,0.113042205572128,0.9666666388511659
25,7,relu,selu,0.000784978248921,0.10737072676420199,0.9666666388511659
6,9,tanh,exponential,0.008674579626087,0.24458959698677105,0.933333337306976
27,50,elu,relu,0.004579644850822,0.040623120963574,0.9666666388511659
34,13,relu,selu,0.006900300834171,0.101993665099144,0.933333337306976
23,25,selu,linear,0.0018310065986279999,0.021735509857534998,1.0
26,45,sigmoid,exponential,0.008761708605647,0.066941015422344,0.9666666388511659
35,32,relu,tanh,0.009174487692748002,0.025302221998572,1.0
39,5,linear,relu,0.001444547699351,0.14395822584629098,0.9666666388511659
16,7,elu,selu,0.000281842878829,0.066574171185494,0.9666666388511659
46,26,sigmoid,relu,0.008753009992961,0.14792674779892,0.933333337306976
25,23,linear,linear,0.006037312814089001,0.023061018437147005,1.0
13,39,selu,elu,0.006706707023773001,0.08697251230478299,0.9666666388511659
23,20,exponential,linear,0.0026148199822679996,0.236740216612816,0.866666674613953
34,44,tanh,sigmoid,0.005713294881875999,0.154130712151527,0.933333337306976
21,19,tanh,exponential,0.009919037509890998,0.16303966939449302,0.8999999761581421
19,33,exponential,linear,0.001986435371294,0.13227978348732,0.9666666388511659
24,30,selu,relu,0.0071685655372719995,0.21598246693611106,0.8999999761581421
48,5,exponential,sigmoid,0.0028297547006290004,0.42221179604530296,0.833333313465118
50,29,linear,linear,0.0034803921124480003,0.05550404638052,0.9666666388511659
32,24,sigmoid,elu,0.001526295641262,0.0033324016258120003,1.0
33,10,exponential,tanh,0.009339419575230998,0.037604551762342994,0.9666666388511659
40,38,relu,sigmoid,0.001027876381883,0.15784858167171498,0.9666666388511659
40,21,tanh,elu,0.008715044484099,0.239665001630783,0.866666674613953
10,37,elu,selu,0.008829231970847999,0.130483373999596,0.9666666388511659
24,46,relu,relu,0.004945665231707,0.20688584446907002,0.9666666388511659
16,39,relu,relu,0.00920509540125,0.094435334205628,0.9666666388511659
19,10,linear,selu,0.009397397303598,0.046241797506809,0.9666666388511659
47,36,elu,exponential,0.007531961336792,0.49161618947982794,0.7666666507720951
42,41,tanh,relu,0.001289315702467,0.09528411179780999,0.933333337306976
24,12,elu,elu,0.0006996518155469999,0.144827157258987,0.933333337306976
35,30,selu,tanh,0.004806852069615,0.002419781638309,1.0
5,48,tanh,tanh,0.006980906495678,0.42287757992744396,0.866666674613953
37,6,selu,relu,0.0053678169693099995,0.099615916609764,0.933333337306976
41,15,linear,tanh,0.009026831152088001,0.140033304691315,0.933333337306976
28,26,sigmoid,tanh,0.0039219673184299995,0.09394604712724698,0.933333337306976
10,35,relu,tanh,0.009253607086813,0.076933369040489,1.0
30,39,elu,tanh,0.005800789812579,0.11241610348224601,0.933333337306976
48,25,tanh,linear,0.007749547813339,0.094859227538109,0.9666666388511659
30,5,exponential,tanh,0.006972234165357,0.528308510780335,0.5
38,21,exponential,exponential,0.003971874857623,0.646861076354981,0.9666666388511659
9,20,elu,selu,0.004913087786810001,0.254014879465103,0.933333337306976
39,9,exponential,elu,0.004234026482767999,0.025506371632217997,1.0
29,39,selu,tanh,0.009372378038445999,0.157577469944954,0.9666666388511659
25,50,exponential,relu,0.007739433891630999,0.036331072449684,0.9666666388511659
23,7,selu,sigmoid,0.009590266796586,0.16756348311901098,0.8999999761581421
33,21,relu,elu,0.008116695367733,0.206613063812256,0.933333337306976
31,7,tanh,exponential,0.007386729326301998,0.072321780025959,0.9666666388511659
19,33,relu,sigmoid,0.006996644235536999,0.148526027798653,0.8999999761581421
22,38,tanh,linear,0.000558377379454,0.170901596546173,0.9666666388511659
36,37,linear,tanh,0.004585887308208,0.065791793167591,0.9666666388511659
38,26,exponential,tanh,0.0038557285715279995,0.144848436117172,0.933333337306976
7,50,selu,sigmoid,0.002396486582513,0.09320601820945698,0.933333337306976
28,34,exponential,linear,0.008556428746157,0.044040475040674,1.0
28,21,sigmoid,linear,0.004805285958802,0.026949524879456,1.0
30,31,selu,linear,0.0020266389359660003,0.051502771675587006,0.9666666388511659
6,37,linear,linear,0.009751331266416,0.054982304573059006,0.9666666388511659
35,20,relu,exponential,0.00034760522486400005,0.112196937203407,0.933333337306976
27,35,exponential,elu,0.009696572172923001,0.044099614024162,0.9666666388511659
12,24,sigmoid,elu,0.007761069407840999,0.911898791790008,0.866666674613953
46,5,exponential,relu,0.009468894209573,1.10513162612915,0.266666680574417
39,41,sigmoid,relu,0.004796976927662,0.07199416309595097,0.9666666388511659
38,34,elu,sigmoid,0.009258827556781,0.079379610717297,0.9666666388511659
10,9,linear,elu,0.002128189328767,0.04307209327816999,0.9666666388511659
17,45,tanh,exponential,0.005701023387042,0.31242001056671104,0.833333313465118
46,17,selu,exponential,0.0038306698551079997,0.058873210102319995,0.9666666388511659
15,19,exponential,selu,0.0033472740874640004,0.012484633363783,1.0
9,24,elu,linear,0.009166926779462,0.14050896465778398,0.9666666388511659
37,15,selu,sigmoid,0.004898211245028,0.007764069829136,1.0
43,17,relu,sigmoid,0.003044051733248,0.138767778873444,0.9666666388511659
8,23,relu,selu,0.006357777995279999,0.06368171423673599,0.9666666388511659
37,31,sigmoid,exponential,0.006247930584169001,0.011568275280296999,1.0
15,42,selu,sigmoid,0.004275519886779,0.130930289626122,0.9666666388511659
48,11,sigmoid,elu,0.007957173876854,0.30184844136238104,0.8999999761581421
40,11,selu,elu,0.00409542631775,0.18776272237300892,0.9666666388511659
43,36,linear,linear,0.004557135622889,0.18015518784523002,0.8999999761581421
31,23,sigmoid,relu,0.0053017579493530005,0.06304594874382001,0.9666666388511659
26,5,linear,tanh,0.0032809452081879998,0.038507837802172006,1.0
26,26,sigmoid,exponential,0.0028974188545440004,0.049082074314355996,1.0
13,46,selu,tanh,0.00890239312398,0.030578775331377997,1.0
43,44,exponential,sigmoid,0.0020575973312970002,0.07437011599540701,0.9666666388511659
20,50,relu,linear,0.006113303125337,0.211882740259171,0.9666666388511659
23,38,selu,elu,0.009782001665805002,0.170725136995316,0.9666666388511659
27,26,exponential,linear,0.0033855837951940002,0.021819977089763,1.0
8,14,elu,exponential,0.0024592693806620002,0.083557225763798,0.933333337306976
48,20,linear,sigmoid,0.008635979565844,0.12963254749774902,0.933333337306976
10,20,sigmoid,selu,0.003520245128172,0.052429620176554,0.9666666388511659
39,23,sigmoid,sigmoid,0.008333782503013,0.136061936616898,0.933333337306976
7,27,sigmoid,exponential,0.0023593684766649997,0.016502285376191,1.0
10,26,linear,linear,0.002573280510307,0.114476069808006,0.9666666388511659
27,32,tanh,relu,0.006242684328480999,0.050832692533732,0.9666666388511659
6,26,elu,exponential,0.008456359438702,0.04289198666811,0.9666666388511659
29,26,linear,relu,0.006515183241353001,0.041299667209387006,1.0
18,28,elu,elu,0.002834663019129,0.035811197012662985,1.0
29,17,selu,tanh,0.009508551317129998,0.023812783882022,1.0
30,31,selu,selu,0.005971084580066,0.17113828659057598,0.933333337306976
48,16,tanh,exponential,0.009316060901089001,0.090069934725762,0.9666666388511659
50,21,linear,selu,0.004368670653649,0.055586490780114996,0.9666666388511659
12,41,exponential,sigmoid,0.007305724732103002,0.009526520967484001,1.0
19,31,elu,relu,0.007447651113925,0.033510424196720005,1.0
40,30,elu,relu,0.004258012685886,0.004042219836265,1.0
16,9,selu,tanh,0.007791260930376998,0.053177993744612004,0.9666666388511659
25,25,elu,relu,0.006984843131558001,0.124369405210018,0.9666666388511659
29,31,relu,linear,0.0012280984313660002,0.010253972373903,1.0
42,24,linear,exponential,0.009655428786824,0.452758103609085,0.6000000238418579
31,14,elu,elu,0.0020222711943329997,0.171037942171097,0.9666666388511659
20,30,sigmoid,elu,0.0007150562550209999,0.159757316112518,0.933333337306976
8,39,exponential,tanh,0.006471075273806,0.488134175539017,0.6666666865348821
5,42,selu,selu,0.005331113164396,0.046916272491217006,0.9666666388511659
15,20,exponential,tanh,0.0024769222620749996,0.494825273752212,0.6000000238418579
38,40,linear,tanh,0.002987124986773,0.015806199982762,1.0
10,25,elu,exponential,0.004501868992271,0.226749032735825,0.9666666388511659
33,24,relu,relu,0.004852085893365,0.22218985855579398,0.8999999761581421
34,11,selu,tanh,0.0012319628959949998,0.026860363781452002,1.0
21,36,tanh,exponential,0.002036822493016,0.157674387097359,0.9666666388511659
13,27,linear,selu,0.002025233965332,0.061212029308080985,1.0
39,13,exponential,linear,0.003165561210074001,0.020126009359956003,1.0
22,46,tanh,linear,0.0039271935239257785,0.061241559684276574,0.9666666388511658
12,40,relu,selu,0.003188889363401288,0.09269259870052338,0.9333333373069764
8,40,sigmoid,tanh,0.008604699220136654,0.1989503651857376,0.8999999761581421
40,15,relu,tanh,0.0011404221387240302,0.030168352648615837,1.0
31,24,elu,linear,0.00036290193637626505,0.04365835338830948,1.0
9,10,exponential,relu,0.008844429975507684,0.04081682860851288,0.9666666388511658
16,29,exponential,relu,0.007943675174179321,0.3091281652450561,0.8999999761581421
41,32,relu,relu,0.0022398749917644416,0.01976514235138893,1.0
26,30,linear,sigmoid,0.0037892947041713054,0.030129918828606606,1.0
13,48,tanh,sigmoid,0.0062182577448253755,0.12405071407556535,0.9666666388511658
32,42,linear,tanh,0.005551651597488953,0.16512809693813324,0.9666666388511658
47,6,elu,exponential,0.0031073333135672697,0.013127497397363186,1.0
7,40,tanh,exponential,0.008986138377660687,0.031108465045690536,1.0
39,41,exponential,tanh,0.008428517048430133,0.12067992985248566,0.9666666388511658
31,25,linear,linear,0.0007908259305999704,0.4562442898750305,0.8666666746139526
31,32,sigmoid,linear,0.00586924743828332,0.02969395741820336,1.0
45,18,selu,tanh,0.0022667936502667107,0.0284540131688118,1.0
19,39,selu,sigmoid,0.0017282016068635381,0.0425022691488266,0.9666666388511658
27,22,selu,relu,0.0039006770276518773,0.3109639585018158,0.9333333373069764
42,38,sigmoid,elu,0.0017631093886317035,0.02666958048939705,1.0
12,50,exponential,relu,0.007186380682996552,0.07647819072008133,0.9666666388511658
31,16,linear,selu,0.00906044234119055,0.1549479067325592,0.9666666388511658
23,14,tanh,tanh,0.004327752638717335,0.02062484249472618,1.0
22,14,tanh,elu,0.002561164005525101,0.2004079818725586,0.8999999761581421
13,43,tanh,elu,0.00018246942533016293,0.021658224985003468,1.0
44,22,tanh,linear,0.001493193647835326,0.14731617271900174,0.9333333373069764
21,22,selu,tanh,0.008052828909829545,0.14552658796310425,0.8999999761581421
27,44,sigmoid,exponential,0.005067742714193828,0.06056271493434906,0.9666666388511658
26,47,relu,sigmoid,0.009657592312365494,0.040907394140958786,0.9666666388511658
40,37,tanh,tanh,0.00925714598889665,0.06753085553646088,0.9666666388511658
8,48,sigmoid,relu,0.003415554005409993,0.011802659370005127,1.0
34,40,exponential,selu,0.009354298949020193,0.03471892327070236,1.0
11,17,selu,linear,0.003636704782318585,0.15662606060504913,0.9666666388511658
30,43,sigmoid,sigmoid,0.0002908126271321344,0.10941224545240402,1.0
13,26,linear,relu,0.0007414083875710559,0.1498260796070099,0.9666666388511658
44,8,linear,elu,0.008978477769592333,0.12189709395170213,0.9333333373069764
28,41,sigmoid,relu,0.008454319391556508,0.2669375836849213,0.8999999761581421
36,16,sigmoid,relu,0.006747794578578761,0.04875107854604721,1.0
46,37,relu,linear,0.008310946909605687,0.055442530661821365,0.9666666388511658
40,27,exponential,tanh,0.0071220440991915735,0.16672804951667786,0.8999999761581421
42,27,elu,relu,0.006273168896463323,0.04108686372637749,1.0
18,14,elu,selu,0.0012038216217577602,0.0047311633825302115,1.0
35,33,relu,elu,0.0032598143237037194,0.06649728864431381,0.9666666388511658
17,20,tanh,tanh,0.006435505113858825,0.4935618937015533,0.8999999761581421
49,45,elu,tanh,0.0055608344142202715,0.054961133748292916,0.9666666388511658
32,35,relu,relu,0.0035348475927312563,0.08235681056976317,0.9666666388511658
42,40,tanh,tanh,0.0018663837329306308,0.05435020849108696,0.9666666388511658
27,50,exponential,relu,0.00229999468429642,0.03348403051495552,1.0
22,42,tanh,selu,0.005218840322632977,0.1001877337694168,0.9666666388511658
5,41,elu,tanh,0.00042532563622308783,0.0227536391466856,1.0
40,17,relu,relu,0.003414971346638844,0.14113694429397586,0.9666666388511658
22,40,sigmoid,exponential,0.0029284918656348607,0.01197710819542408,1.0
11,15,sigmoid,tanh,0.002690779674372089,0.094980426132679,0.9666666388511658
10,34,elu,selu,0.0057598026035689705,0.12381546944379808,0.9666666388511658
50,10,sigmoid,linear,0.0036014690189452025,0.03857748210430145,0.9666666388511658
48,24,relu,sigmoid,0.0037097135353894454,0.2607513964176178,0.8999999761581421
50,23,selu,linear,0.009911469882940784,0.4312330484390259,0.9333333373069764
44,35,elu,tanh,0.003738853358998162,0.1192713901400566,0.9666666388511658
45,26,tanh,relu,0.009166713920006384,0.05996816232800484,0.9666666388511658
26,37,selu,tanh,0.0019277164870918297,0.02563965879380703,1.0
45,47,relu,exponential,0.008440564718956706,0.08160374313592911,0.9333333373069764
34,36,tanh,linear,0.00846602596298392,0.2914745211601257,0.8999999761581421
30,43,exponential,selu,0.002280598066891592,0.12639789283275604,0.9333333373069764
29,31,exponential,linear,0.0009932383861788472,0.3617839515209198,0.8666666746139526
9,11,tanh,selu,0.002883702343855769,0.10539775341749193,0.9666666388511658
21,12,elu,sigmoid,0.009600713996593657,0.12619636952877045,0.9333333373069764
30,20,tanh,selu,0.002065856472139993,0.3683234751224518,0.9333333373069764
24,46,tanh,elu,0.004650662297915965,0.3572205603122711,0.8333333134651184
27,28,selu,elu,0.001172540367959683,0.03742515668272972,1.0
24,16,sigmoid,tanh,0.005062752217517211,0.04624153301119805,1.0
35,27,selu,sigmoid,0.0010265061141180548,0.05125080421566963,0.9666666388511658
38,48,tanh,relu,0.000539173352298516,0.04917560890316963,0.9666666388511658
32,19,sigmoid,elu,0.0006121430641420319,0.013231690973043442,1.0
20,21,elu,tanh,0.008886433584458718,0.013817209750413895,1.0
9,37,elu,selu,0.005228838175469283,0.016927497461438182,1.0
18,7,linear,sigmoid,0.005727970254499187,0.12876926362514496,0.9333333373069764
47,17,elu,exponential,0.0020619532259816093,0.0088494336232543,1.0
21,38,exponential,tanh,0.004960318921870727,0.09503423422574996,1.0
13,36,elu,exponential,0.002669069678490544,0.10673721879720688,0.9666666388511658
25,38,exponential,sigmoid,0.0067089410751979784,0.04564843699336052,1.0
33,5,tanh,linear,0.003850567403840093,0.17895030975341794,0.9666666388511658
19,50,selu,tanh,0.003689601266884471,0.003840273013338447,1.0
14,21,selu,exponential,0.003001823329530193,0.06811769306659697,0.9666666388511658
38,5,linear,relu,0.004744309954759515,0.0638052448630333,0.9666666388511658
7,22,selu,tanh,0.0010477348189769763,0.04488833993673325,0.9666666388511658
26,8,tanh,elu,0.002067652571378386,0.16896772384643555,0.9333333373069764
21,48,selu,exponential,0.0044846329256469294,0.016140954568982124,1.0
18,11,selu,sigmoid,0.002495173591864601,0.00835677981376648,1.0
6,39,sigmoid,selu,0.0017055832009797384,0.14876416325569153,0.9666666388511658
40,48,selu,tanh,0.006879186362525464,0.029188591986894608,1.0
12,48,sigmoid,selu,0.004351049128866248,0.014079008251428602,1.0
44,42,relu,selu,0.001760443630708093,0.1988811045885086,0.8999999761581421
8,27,relu,selu,0.005357362668329077,0.028325833380222317,0.9666666388511658
37,42,elu,linear,0.008358169443459596,0.09630916267633438,0.9666666388511658
30,29,elu,elu,0.0009034168758746184,0.15157100558280945,0.9666666388511658
49,5,sigmoid,exponential,0.0013067816434485615,0.02406078390777111,1.0
6,11,selu,tanh,0.0048162477180042,0.05743766576051713,0.9666666388511658
21,30,sigmoid,exponential,0.002523040460143329,0.029355911538004875,1.0
8,12,tanh,relu,0.003215258077908868,0.3043113350868225,0.9333333373069764
12,50,sigmoid,selu,0.0033558633390866487,0.03698156028985977,1.0
9,23,linear,linear,0.0008862232885659602,0.046665504574775696,0.9666666388511658
28,22,exponential,sigmoid,0.0069623709658418464,0.015819672495126724,1.0
6,28,selu,relu,0.00519433642424575,0.0030163254123181105,1.0
34,32,linear,relu,0.003563623274601583,0.04500352591276169,0.9666666388511658
36,42,tanh,relu,0.0008378167433220487,0.18874749541282654,0.9666666388511658
7,8,tanh,selu,0.0094398161077451,0.3375544846057892,0.8666666746139526
14,33,exponential,selu,0.0047284923895757934,0.16454319655895233,0.9333333373069764
8,32,tanh,selu,0.00580129856228977,0.495324969291687,0.8666666746139526
31,32,relu,sigmoid,0.0052192143970607174,0.052495945245027535,0.9666666388511658
21,12,linear,exponential,0.00983565206692962,0.5324088931083679,0.6000000238418579
9,9,sigmoid,exponential,0.009738886372545708,0.060485698282718665,0.9666666388511658
48,5,selu,selu,0.007141364390969105,0.04453244060277939,0.9666666388511658
30,19,tanh,sigmoid,0.009899078911407915,0.03000152669847012,1.0
38,19,selu,selu,0.004566372043372253,0.06208037585020065,0.9666666388511658
26,7,relu,tanh,0.0006462699698551587,0.14192673563957214,0.9333333373069764
50,10,linear,relu,0.0028061805593931487,0.13296087086200714,0.9666666388511658
25,47,relu,tanh,0.0031481505403919826,0.17585672438144684,0.9333333373069764
17,6,elu,elu,0.004409820222861493,0.11429404467344285,0.9666666388511658
24,47,selu,relu,0.0044077542172844715,0.11976197361946105,0.9333333373069764
36,19,linear,sigmoid,0.0006923297840992611,0.0423133447766304,1.0
8,9,tanh,exponential,0.00859072964546828,0.2235611230134964,0.9333333373069764
37,30,exponential,elu,0.008979989917973476,0.07271059602499008,1.0
48,8,exponential,sigmoid,0.0035324991611552993,0.15195389091968536,0.9666666388511658
32,26,selu,selu,0.0044152357645964105,0.04622546210885048,0.9666666388511658
19,10,tanh,relu,0.0043125386860158104,0.11390231549739838,0.9666666388511658
28,27,relu,tanh,0.009169145721259556,0.2863242924213409,0.9333333373069764
27,5,relu,relu,0.003620615481641563,0.026130327954888344,1.0
17,49,tanh,tanh,0.004712205754895196,0.20839077234268188,0.8999999761581421
44,28,relu,exponential,0.002736178981265953,0.004946430679410696,1.0
19,39,elu,sigmoid,0.00016403290026781973,0.10696724057197572,1.0
50,30,tanh,relu,0.004168607141221957,0.022708892822265625,1.0
48,47,sigmoid,tanh,0.006757969816925146,0.05056070163846016,0.9666666388511658
23,22,elu,sigmoid,0.007771685098263039,0.030192248523235318,1.0
43,10,linear,relu,0.006926609967689793,0.1026495322585106,0.9666666388511658
11,23,linear,exponential,0.007656086693078853,0.610210657119751,0.8999999761581421
16,13,tanh,selu,0.0042741442810188615,0.0507044717669487,1.0
25,34,relu,sigmoid,0.0010142876959136414,0.008726034313440323,1.0
19,45,selu,tanh,0.003112296746907988,0.025061985477805138,1.0
34,23,sigmoid,tanh,0.002110688709561895,0.1250910460948944,0.9666666388511658
11,30,sigmoid,relu,0.00508181553929845,0.08491990715265274,0.9333333373069764
50,18,elu,tanh,0.008972214282549613,0.003563227830454707,1.0
33,29,tanh,selu,0.00419448683794453,0.13035684823989868,0.9666666388511658
45,16,linear,exponential,0.007460881285856509,0.03925424814224243,0.9666666388511658
33,43,tanh,elu,0.003851055681613072,0.06023174524307251,0.9666666388511658
45,6,elu,linear,0.0025593988387530467,0.0683351680636406,0.9333333373069764
41,36,exponential,linear,0.008130059549226229,0.06151151284575462,0.9666666388511658
32,40,elu,tanh,0.004673473198417751,0.10371701419353484,0.9333333373069764
32,23,exponential,elu,0.003983246650488577,0.011142927221953869,1.0
15,32,sigmoid,tanh,0.001983391259006199,0.03438575938344002,1.0
48,26,sigmoid,selu,0.009828262361973908,0.02364061400294304,1.0
31,44,exponential,sigmoid,0.0014383754176353998,0.2042915374040604,0.9333333373069764
29,18,exponential,elu,0.00854821803752485,0.2425902038812637,0.8999999761581421
15,6,exponential,tanh,0.00568036281242844,1.1077765226364136,0.2333333343267441
20,18,selu,linear,0.007805806974113411,0.006863763555884361,1.0
39,49,linear,relu,0.007508219459858766,0.01261435728520155,1.0
25,21,relu,selu,0.008061239670839918,0.03424886614084244,1.0
17,42,tanh,tanh,0.0011479098327474425,0.028224991634488106,1.0
36,48,relu,relu,0.0047321669067102645,0.17314942181110382,0.8999999761581421
43,34,exponential,sigmoid,0.0026290560987474038,0.12817049026489258,0.9333333373069764
35,40,elu,elu,0.007511325357195394,0.1556951105594635,0.9666666388511658
47,23,selu,exponential,0.00416428458708547,0.06557361781597137,1.0
31,33,relu,exponential,0.0020076874859984,0.04628092795610428,0.9666666388511658
20,24,exponential,sigmoid,0.008751958117854317,0.15361887216567993,0.9666666388511658
45,27,elu,exponential,0.0035406760657839408,0.09171722084283827,0.9333333373069764
17,37,sigmoid,linear,0.009571512719549431,0.0764254555106163,0.9666666388511658
7,36,selu,selu,0.001288396629121748,0.012589599005877972,1.0
50,50,linear,linear,0.0002980351687480335,0.09932754188776016,0.9666666388511658
50,25,linear,tanh,0.002797133070087565,0.18946099281311035,0.9333333373069764
27,17,relu,sigmoid,0.00971907532568371,0.1214415207505226,0.9333333373069764
7,46,tanh,linear,0.006521230335532353,0.058551464229822166,0.9666666388511658
24,8,sigmoid,relu,0.0015434287691669347,0.009173165075480938,1.0
35,45,sigmoid,selu,0.004713029400723294,0.1636463701725006,0.8999999761581421
20,22,tanh,sigmoid,0.007871685241740138,0.0730297714471817,0.9666666388511658
12,50,elu,sigmoid,0.005539820010008988,0.052431963384151466,0.9666666388511658
18,49,tanh,tanh,0.004503237427090774,0.12954585254192352,0.9666666388511658
29,36,tanh,linear,0.0060864010476013395,0.015977151691913605,1.0
12,11,relu,elu,0.0043168551793424095,0.17973162233829498,0.9333333373069764
13,25,exponential,tanh,0.006107399267334587,0.0784369707107544,1.0
29,36,sigmoid,tanh,0.0069584645861666145,0.08452441543340683,0.9666666388511658
26,43,selu,selu,0.005830557731830631,0.04747375100851059,1.0
24,45,linear,elu,0.00024324726048222207,0.05392904952168465,1.0
31,14,sigmoid,selu,0.008706761815864262,0.0352683998644352,1.0
8,32,tanh,relu,0.0008923534681803232,0.15082891285419464,0.9666666388511658
34,21,exponential,tanh,0.0019286242671709656,0.0838320255279541,0.9333333373069764
14,21,selu,linear,0.0009658214255096342,0.07188023626804352,0.9666666388511658
17,9,tanh,linear,0.0005575968819077527,0.14534419775009155,0.9333333373069764
21,35,tanh,relu,0.0038815487459898843,0.02499839849770069,1.0
22,27,elu,elu,0.00282913118987118,0.1133558824658394,0.9666666388511658
19,22,linear,tanh,0.00923850155208883,0.01969001814723015,1.0
25,18,relu,exponential,0.005910459468879742,0.10879168659448624,0.9666666388511658
44,9,selu,exponential,0.009475358936827414,0.4345971643924713,0.6000000238418579
29,6,sigmoid,tanh,0.002836483491674885,0.1320568472146988,0.9666666388511658
32,19,sigmoid,exponential,0.007724262912898365,0.05925339087843895,0.9666666388511658
7,30,tanh,relu,0.0020170458653073447,0.05360562726855278,0.9666666388511658
28,14,selu,exponential,0.005495758629753609,0.00852091982960701,1.0
19,44,sigmoid,exponential,0.009751579677109646,0.05027193948626518,0.9666666388511658
21,27,relu,relu,0.0021637035834938803,0.07031876593828201,0.9666666388511658
33,31,tanh,tanh,0.004335184950662084,0.0969572514295578,0.9666666388511658
44,11,elu,tanh,0.005008744381895393,0.028065208345651627,1.0
36,11,elu,tanh,0.0003171380718857603,0.06116289272904396,0.9666666388511658
27,48,sigmoid,elu,0.008821649704842621,0.18463586270809174,0.9666666388511658
45,14,elu,elu,0.002944389387982983,0.032652821391820915,1.0
45,20,elu,relu,0.005815591917194527,0.08354838937520981,0.9666666388511658
20,9,tanh,linear,0.005006580700898153,0.03790036588907242,0.9666666388511658
6,28,elu,elu,0.005646090363552585,0.045439861714839935,0.9666666388511658
26,9,selu,relu,0.0026118069428685484,0.035972755402326584,1.0
18,35,relu,selu,0.00690558122612601,0.00386755308136344,1.0
47,41,selu,tanh,0.0047226773702383285,0.5628448128700256,0.8333333134651184
12,42,exponential,linear,0.004680860054179871,0.002835553605109453,1.0
43,38,relu,linear,0.005481152509736076,0.08869538456201552,0.9333333373069764
13,35,exponential,tanh,0.006175205991761321,0.0955505669116974,0.9666666388511658
46,26,sigmoid,sigmoid,0.0023162511704198,0.0500216968357563,0.9666666388511658
35,27,sigmoid,selu,0.004213241989836178,0.005357478279620409,1.0
45,42,sigmoid,exponential,0.005955479545732836,0.08995644748210907,0.9666666388511658
43,7,sigmoid,elu,0.008509949427114255,0.06883924454450607,0.9666666388511658
39,34,linear,selu,0.006583653560231629,0.2191694676876068,0.9333333373069764
29,35,elu,elu,0.009010790277757728,0.18275707960128784,0.9333333373069764
33,26,linear,tanh,0.0032384960867211502,0.016674792394042015,1.0
30,48,selu,relu,0.001158236008507883,0.1354336440563202,0.9333333373069764
8,32,elu,linear,0.003183800823234461,0.01134140696376562,1.0
30,10,selu,relu,0.007994738675226135,0.13657760620117188,0.8999999761581421
44,34,elu,linear,0.0004127314647373738,0.12098433077335358,0.9333333373069764
5,45,exponential,relu,0.0009747718415415232,0.0539785660803318,0.9666666388511658
42,21,selu,exponential,0.0005362660473014768,0.03654215857386589,0.9666666388511658
39,48,sigmoid,tanh,0.002431872797509735,0.20666775107383728,0.9333333373069764
30,46,tanh,sigmoid,0.001807486442074632,0.1237715557217598,0.9666666388511658
19,11,exponential,selu,0.002003192751317078,0.06121009960770608,1.0
9,41,sigmoid,exponential,0.009277238699834205,0.14043483138084412,0.9333333373069764
23,24,elu,selu,0.0021057269421720006,0.12627318501472473,0.9666666388511658
38,5,relu,linear,0.0010791413420940682,0.08276209235191345,0.9666666388511658
30,33,linear,tanh,0.0015700759794478752,0.11944975703954695,0.9333333373069764
13,18,relu,elu,0.009284860489742584,0.029852572828531262,1.0
25,49,exponential,tanh,0.0010897924745030473,0.018838923424482342,1.0
40,5,sigmoid,relu,0.003280688182892794,0.010715886950492859,1.0
36,24,relu,linear,0.006432846454660543,0.1179797574877739,0.9666666388511658
44,8,exponential,exponential,0.007333623913106567,0.2420663982629776,0.8999999761581421
16,14,elu,elu,0.006120339461335657,0.014012067578732969,1.0
6,17,sigmoid,relu,0.004544150300232212,0.028504805639386174,1.0
7,20,elu,sigmoid,0.009028346363841842,0.24898219108581546,0.8666666746139526
16,43,selu,sigmoid,0.005167096891611227,0.08292519301176071,0.9333333373069764
39,7,sigmoid,exponential,0.001094459083480846,0.008066539652645588,1.0
44,7,elu,selu,0.000738701718842507,0.2496996223926544,0.9333333373069764
27,41,tanh,exponential,0.006951119621363825,0.09287621080875397,0.9666666388511658
23,14,relu,selu,0.004493688709741372,0.005756722297519445,1.0
17,27,sigmoid,exponential,0.00659296377351867,0.003166094422340393,1.0
42,36,elu,relu,0.002072006721937337,0.057943210005760186,0.9666666388511658
36,24,relu,tanh,0.0025933123618964147,0.01980702392756939,1.0
9,32,elu,elu,0.0073563108298727855,0.07205237448215485,0.9666666388511658
13,34,selu,linear,0.0027221873183471018,0.05341484397649765,1.0
15,31,linear,tanh,0.002221064506995513,0.02662584371864796,1.0
46,39,exponential,tanh,0.006884037522877496,0.34787800908088684,0.9333333373069764
9,40,elu,tanh,0.007167031766793725,0.08596695214509964,0.9666666388511658
29,42,relu,tanh,0.0010323565353405136,0.01024130545556545,1.0
6,5,relu,tanh,0.008738461752583549,0.04045429453253746,1.0
13,39,relu,tanh,0.002312687506061836,0.029684046283364292,1.0
7,20,linear,elu,0.009924795550835102,0.12912750244140625,0.9666666388511658
29,27,sigmoid,tanh,0.0015583726670942064,0.004185160622000693,1.0
22,34,exponential,elu,0.0050762478528741505,0.13562007248401642,0.9666666388511658
11,44,linear,exponential,0.005445765623565267,0.10380101203918456,0.9666666388511658
42,32,elu,linear,0.009057272511345148,0.06652934104204178,0.9666666388511658
17,50,tanh,relu,0.004076785448528457,0.06201295554637909,0.9666666388511658
28,16,exponential,relu,0.008418446882137774,0.08901108801364899,0.9666666388511658
7,32,selu,elu,0.007810199855376268,0.13361135125160215,0.9333333373069764
15,37,elu,sigmoid,0.005421387862125391,0.13257943093776706,0.9333333373069764
17,14,selu,sigmoid,0.00798828515686125,0.0016130433650687337,1.0
26,22,linear,selu,0.005070307734919503,0.048210348933935165,1.0
50,28,relu,exponential,0.00901455798734683,0.07962144911289215,0.9666666388511658
10,36,linear,elu,0.001228126864593771,0.08450362086296083,0.9666666388511658
38,29,elu,sigmoid,0.008672598924959342,0.014259855262935163,1.0
35,22,selu,tanh,0.005603872498651625,0.16369356215000153,0.9333333373069764
6,15,relu,linear,0.005491879821723416,0.12483810633420946,0.9333333373069764
19,23,relu,relu,0.0006242369763052442,0.11471852660179138,0.9666666388511658
7,39,selu,sigmoid,0.005849637639556213,0.12798061966896054,0.9333333373069764
8,16,sigmoid,selu,0.006117834867652711,0.1385117918252945,0.9333333373069764
32,30,linear,linear,0.0018362248071690675,0.1282830685377121,0.9666666388511658
13,23,selu,sigmoid,0.002326682950473311,0.028576763346791267,0.9666666388511658
47,8,elu,linear,0.0009445929756015145,0.016175739467144012,1.0
44,24,relu,sigmoid,0.0032340748301772555,0.012973282486200331,1.0
17,16,relu,elu,0.0039840726199372265,0.03480052947998047,1.0
17,43,relu,elu,0.006865149763768686,0.4010900855064392,0.8999999761581421
21,28,selu,selu,0.004709335394436069,0.10344502329826356,0.9333333373069764
31,11,sigmoid,linear,0.0007017641943146588,0.04661257937550545,0.9666666388511658
44,25,tanh,elu,0.0067019872860033455,0.028835872188210487,1.0
17,32,exponential,elu,0.0013518208478602778,0.0015240254579111936,1.0
34,14,exponential,sigmoid,0.0007950897934831133,0.06603075563907622,1.0
5,16,linear,exponential,0.003860000713658466,0.3504347801208496,0.9333333373069764
36,42,tanh,sigmoid,0.00620523335150385,0.008503090590238571,1.0
37,17,elu,tanh,0.008247746783669326,0.10573649406433104,0.9333333373069764
37,13,selu,tanh,0.00855440676826898,0.03502024337649345,1.0
45,5,tanh,tanh,0.007732159306736991,0.0754382461309433,1.0
34,13,sigmoid,elu,0.0048782477261040645,0.040916163474321365,1.0
18,9,sigmoid,relu,0.005513168928610744,0.14243440330028534,0.9333333373069764
41,36,sigmoid,elu,0.004057093457082011,0.010946834459900856,1.0
27,32,sigmoid,elu,0.0052183613440981574,0.06629867851734161,0.9666666388511658
41,21,linear,exponential,0.00815347712620929,1.4490307569503784,0.9666666388511658
49,24,elu,linear,0.002769781062900684,0.4305095076560974,0.8666666746139526
16,45,tanh,sigmoid,0.009168709372292257,0.13646455109119415,0.9666666388511658
5,25,sigmoid,sigmoid,0.006952026497948393,0.01680685020983219,1.0
12,12,elu,relu,0.004638548441148618,0.023062847554683685,1.0
27,27,sigmoid,sigmoid,0.002643218704226709,0.13554826378822327,0.9333333373069764
8,44,relu,linear,0.004637700286099415,0.22192618250846866,0.9333333373069764
22,38,exponential,elu,0.0044050787364465676,0.05268662050366402,0.9666666388511658
49,9,tanh,exponential,0.0019231724043991933,0.013987043872475624,1.0
44,31,selu,relu,0.00988138513515307,0.014837789349257946,1.0
20,6,elu,elu,0.008604528819008113,0.142141193151474,0.9333333373069764
14,43,linear,linear,0.002503126276831677,0.01785074919462204,1.0
22,43,tanh,selu,0.004807827164936911,0.05220014974474907,0.9666666388511658
25,14,elu,elu,0.008849796032678645,0.11700989305973053,0.9333333373069764
38,6,relu,selu,0.001686603050824049,0.14156916737556458,0.9666666388511658
16,20,linear,selu,0.00478395515072506,0.3752111792564392,0.8666666746139526
13,22,sigmoid,sigmoid,0.0017714088155736801,0.057780247181653976,0.9666666388511658
18,27,sigmoid,exponential,0.0016237886408225835,0.11135048419237137,0.8999999761581421
7,35,tanh,elu,0.008548087641267245,0.06898145377635956,0.9666666388511658
13,5,linear,exponential,0.008536455729149859,0.15533308684825894,0.8999999761581421
7,19,linear,relu,0.0034044862924806425,0.2236571311950684,0.8999999761581421
21,18,exponential,elu,0.007108788690598545,0.05666418373584747,0.9666666388511658
26,30,selu,exponential,0.009461401516074995,0.155819833278656,0.9333333373069764
43,36,exponential,tanh,0.008719663046530612,1.13802969455719,0.2333333343267441
41,17,exponential,elu,0.0006034970542642426,0.011492176912724972,1.0
32,49,selu,elu,0.003676854763150545,0.05396156385540962,0.9666666388511658
36,38,tanh,relu,0.0028920547405060057,0.0030195354484021664,1.0
14,48,relu,elu,0.007374451582921139,0.10691477358341216,0.9333333373069764
22,48,linear,tanh,0.003616049713350454,0.05673911049962044,0.9666666388511658
46,10,relu,elu,0.00507076805801455,0.1085454523563385,0.9666666388511658
43,11,tanh,linear,0.004158520105241516,0.12178877741098405,0.9666666388511658
40,29,exponential,linear,0.0016542563491198856,0.005427957512438297,1.0
45,39,sigmoid,sigmoid,0.007873122286220129,0.10385967046022417,0.9333333373069764
9,33,linear,linear,0.0012580637102343045,0.18168476223945615,0.8999999761581421
6,8,elu,tanh,0.0008944986373880502,0.07470579445362091,0.9666666388511658
28,10,exponential,sigmoid,0.0090061901226412,0.030281696468591687,1.0
24,47,linear,relu,0.0002547154522864562,0.06585603952407837,0.9666666388511658
37,33,tanh,linear,0.009933377204534476,0.06847929954528809,0.9666666388511658
30,42,tanh,exponential,0.008501029617028217,0.14285413920879364,0.9666666388511658
33,8,sigmoid,relu,0.0024664711497083772,0.15268751978874207,0.9333333373069764
43,47,tanh,selu,0.0023659680401948643,0.02716328389942646,1.0
15,21,sigmoid,relu,0.001776066249433699,0.040887318551540375,0.9666666388511658
43,5,sigmoid,elu,0.0006482191716015443,0.07344289124011992,0.9666666388511658
21,9,linear,linear,0.005674736368045703,0.10930465906858444,0.9666666388511658
44,17,relu,sigmoid,0.005773160886641322,0.2812768220901489,0.8333333134651184
14,38,sigmoid,tanh,0.007802454287794885,0.05622471123933792,1.0
28,49,elu,linear,0.00944487585602106,0.09418985247612,0.9333333373069764
34,30,elu,selu,0.00045543073335857335,0.03828131780028343,0.9666666388511658
40,42,elu,relu,0.007087129210034797,0.05586040019989014,0.9666666388511658
18,10,selu,linear,0.003722996835414526,0.17344141006469727,0.9333333373069764
48,46,tanh,elu,0.006739687353089151,0.03847681730985642,1.0
39,24,relu,sigmoid,0.005720712264031101,0.04926715046167374,1.0
29,10,relu,sigmoid,0.006923946900556819,0.047782205045223236,0.9666666388511658
20,34,elu,exponential,0.0024879498875427486,0.03013160824775696,1.0
7,7,relu,relu,0.00918739378254544,0.06640105694532394,0.9666666388511658
25,37,relu,selu,0.0082922992896186,0.08689354360103607,0.9666666388511658
9,44,tanh,tanh,0.001673395283208206,0.010228869505226612,1.0
49,37,tanh,tanh,0.007461016394270328,0.08284850418567657,0.9666666388511658
22,45,sigmoid,relu,0.0009953016302569717,0.05995511636137962,0.9666666388511658
46,6,selu,exponential,0.009624198559701534,0.4211340546607971,0.7333333492279053
42,43,sigmoid,tanh,0.006218064524416937,0.14309772849082947,0.8999999761581421
8,35,selu,exponential,0.00959026169976785,0.043037071824073785,1.0
37,30,relu,selu,0.0012358042646603358,0.08702428638935089,0.9666666388511658
33,29,relu,relu,0.004849616203692182,0.3835092782974243,0.8999999761581421
42,28,exponential,tanh,0.004812980659524008,0.4727080762386322,0.6333333253860474
47,46,tanh,tanh,0.003182267925168007,0.1571349948644638,0.8999999761581421
15,20,sigmoid,sigmoid,0.0029091691496255572,0.06926020979881288,0.9666666388511658
35,20,sigmoid,tanh,0.0008232410512356563,0.04676827415823937,0.9666666388511658
5,49,elu,sigmoid,0.00877424611627526,0.031565293669700616,0.9666666388511658
38,48,selu,relu,0.00974106364648596,0.19655916094779968,0.9333333373069764
8,35,relu,sigmoid,0.004071387134257056,0.02057027071714401,1.0
32,43,sigmoid,exponential,0.006165929606706153,0.21220871806144714,0.9333333373069764
19,48,relu,tanh,0.006401476134211535,0.12569157779216766,0.8999999761581421
22,48,linear,tanh,0.0037716144102262522,0.03292421624064445,1.0
25,45,selu,linear,0.006251920650771802,0.17840798199176788,0.9333333373069764
34,17,sigmoid,elu,0.0032773516893947227,0.001495614880695939,1.0
29,35,sigmoid,linear,0.003978707463628414,0.03565346449613571,0.9666666388511658
31,45,relu,exponential,0.0037217114578909226,0.04314608871936798,0.9666666388511658
50,15,tanh,selu,0.0013998935723885597,0.0945744812488556,0.9333333373069764
36,30,tanh,selu,0.003794204324136504,0.2497512251138687,0.8999999761581421
30,20,relu,tanh,0.0007018649191913362,0.027956180274486545,1.0
18,14,sigmoid,exponential,0.0013530786037257425,0.03423837572336197,0.9666666388511658
9,50,elu,tanh,0.0005304988319436186,0.037790670990943916,1.0
37,41,exponential,linear,0.00674475838332426,0.01267453748732805,1.0
5,31,sigmoid,tanh,0.009730793027532596,0.12035049498081207,0.9333333373069764
50,34,selu,exponential,0.0039028345128152924,0.14146453142166138,0.9333333373069764
43,33,linear,selu,0.0039285522831164045,0.03820780292153359,1.0
15,23,elu,linear,0.0048145516775227005,0.07184362411499022,0.9666666388511658
44,40,tanh,linear,0.008610057649548683,0.16109289228916168,0.9666666388511658
40,18,linear,tanh,0.0040369119560612,0.04760774224996567,0.9666666388511658
32,39,exponential,tanh,0.003201091431595689,0.14431335031986234,0.9333333373069764
47,31,selu,elu,0.005057550004018832,0.36132270097732544,0.8666666746139526
46,43,linear,relu,0.004873261250185328,0.12428465485572815,0.9666666388511658
12,30,linear,elu,0.003196342907178893,0.037874411791563034,1.0
41,33,exponential,selu,0.0016531341023185676,0.10887568444013596,0.9333333373069764
27,18,relu,linear,0.009516237662704234,0.012555967085063456,1.0
9,19,sigmoid,elu,0.0039505320017362315,0.3487563729286194,0.9333333373069764
15,46,tanh,exponential,0.005278798629271179,0.06272299587726593,0.9666666388511658
36,31,linear,relu,0.005951178554967607,0.24962134659290314,0.9666666388511658
28,29,exponential,relu,0.0028452051298130357,0.05007439479231834,0.9666666388511658
39,27,exponential,tanh,0.0052636223957688915,0.14788047969341278,0.9666666388511658
17,33,tanh,relu,0.0014637913345237018,0.08609521389007568,0.9333333373069763
6,48,tanh,selu,0.009936952148326643,0.03246967867016792,1.0
48,21,relu,elu,0.008905182429773357,0.044800661504268646,1.0
33,24,linear,sigmoid,0.004689888339683915,0.03717315196990967,0.9666666388511658
7,39,sigmoid,selu,0.0007692205601959931,0.03652852401137352,0.9666666388511658
9,47,exponential,linear,0.009614136697428156,0.0363861508667469,1.0
46,36,sigmoid,sigmoid,0.0022100579604643735,0.00498157786205411,1.0
10,20,selu,linear,0.008425829632067198,0.04504528269171715,1.0
31,20,elu,sigmoid,0.009439059740195304,0.08642444014549255,0.9666666388511658
34,11,sigmoid,relu,0.0021108151480354305,0.088020920753479,0.9666666388511658
44,7,linear,tanh,0.005372254159857593,0.26767003536224365,0.8999999761581421
8,33,relu,linear,0.006880423047960087,0.04894851893186569,0.9666666388511658
10,39,elu,linear,0.0035427274340813853,0.014400238171219826,1.0
49,14,selu,exponential,0.006914806128733988,0.7509387731552124,0.5666666626930237
48,28,tanh,elu,0.0011185398791212734,0.060545265674591064,1.0
36,30,tanh,exponential,0.009540895520196475,0.15453249216079712,0.9666666388511658
15,31,tanh,linear,0.00388665003836937,0.07842554152011871,0.9666666388511658
46,35,linear,linear,0.0057305198788953834,0.13906271755695343,0.8999999761581421
20,36,elu,selu,0.008451821260487016,0.029381850734353065,1.0
8,7,sigmoid,relu,0.005509774670587665,0.04888226464390755,1.0
50,39,relu,elu,0.009948525883418087,0.048692118376493454,0.9666666388511658
31,24,selu,elu,0.0009287280586386354,0.3266591429710388,0.8999999761581421
49,41,tanh,exponential,0.005077940179261468,0.17022079229354858,0.9666666388511658
49,28,selu,relu,0.0009102960662111006,0.019565893337130547,1.0
19,44,linear,relu,0.005762076300961564,0.1268150955438614,0.9333333373069763
15,21,exponential,linear,0.003878817900598426,0.1558275669813156,0.8999999761581421
36,46,exponential,elu,0.007619799381414155,0.07705134898424149,0.9666666388511658
13,11,selu,selu,0.004373373006785731,0.0751420184969902,0.9666666388511658
17,12,selu,sigmoid,0.005199380195539489,0.26511722803115845,0.9333333373069763
11,46,selu,relu,0.007273126124263525,0.27157485485076904,0.8999999761581421
7,35,sigmoid,linear,0.0007887129799247812,0.021554870530962944,1.0
6,42,elu,relu,0.009724033341345834,0.010458210483193398,1.0
20,28,tanh,relu,0.00449545884627208,0.013401733711361885,1.0
27,48,tanh,exponential,0.008401390444327046,0.13254979252815247,0.9666666388511658
35,7,sigmoid,linear,0.0002601742204246746,0.08024260401725769,1.0
7,30,elu,exponential,0.0015212374303631225,0.04533030837774277,1.0
12,16,elu,relu,0.007794869384832631,0.06683240830898285,1.0
47,42,selu,relu,0.0071029152027093185,0.07669588923454285,0.9666666388511658
27,13,sigmoid,tanh,0.008423704030949235,0.2735530436038971,0.9333333373069763
32,25,tanh,sigmoid,0.0015199073993641015,0.04668880254030228,0.9666666388511658
44,32,sigmoid,linear,0.009560439869356585,0.033536914736032486,1.0
32,43,linear,sigmoid,0.0009034212320137406,0.026717593893408775,1.0
46,43,selu,sigmoid,0.006054354640674451,0.0906253308057785,0.9333333373069763
12,39,sigmoid,exponential,0.0036593041434517565,0.07865335047245026,0.9333333373069763
31,16,relu,elu,0.008461421478961974,0.1177024319767952,0.9666666388511658
10,48,relu,linear,0.007754556033090272,0.12148542702198029,0.9666666388511658
47,46,relu,selu,0.0016311198954505484,0.009007224813103676,1.0
15,45,selu,relu,0.0026372963217679663,0.08172313868999481,0.9333333373069763
8,44,tanh,tanh,0.005216249478956852,0.11568890511989594,0.9666666388511658
7,35,linear,tanh,0.007005073798990661,0.025604883208870888,1.0
43,34,tanh,relu,0.0017679891474583643,0.032191202044487,1.0
5,12,relu,tanh,0.009601652900767078,0.012149786576628685,1.0
22,15,sigmoid,relu,0.004076975699641979,0.021008603274822235,1.0
9,7,exponential,relu,0.006947712887954894,0.09871860593557358,0.9666666388511658
42,22,relu,exponential,0.0014214733497288127,0.06475579738616943,1.0
19,34,exponential,tanh,0.004839717188661292,0.4566878378391266,0.800000011920929
49,22,sigmoid,tanh,0.008845827728057728,0.018974244594573975,1.0
12,40,linear,exponential,0.001601334363094392,0.03713871166110039,1.0
18,27,sigmoid,elu,0.006151244323570274,0.07234348356723785,0.9666666388511658
41,31,selu,selu,0.0028158954141296925,0.06704843044281006,0.9666666388511658
5,5,exponential,elu,0.008024347403062772,0.053390126675367355,1.0
19,36,sigmoid,sigmoid,0.004010197396939491,0.007329970132559538,1.0
40,49,selu,elu,0.005504737459768885,0.0017493852647021413,1.0
38,29,elu,elu,0.007293770975103,0.07563681900501251,0.9666666388511658
19,16,relu,exponential,0.006055099537582448,0.038679514080286026,1.0
17,46,linear,elu,0.007370469000211552,0.05169399827718735,0.9666666388511658
34,33,relu,exponential,0.002748211986402702,0.09433213621377945,0.9666666388511658
27,19,elu,relu,0.008702767036524098,0.18290400505065918,0.9333333373069763
49,16,relu,relu,0.00660839066632399,0.04620668664574623,0.9666666388511658
5,28,elu,relu,0.009750737883979892,0.05064835771918297,0.9666666388511658
16,44,linear,sigmoid,0.005693017732134089,0.03237110376358032,1.0
41,31,tanh,tanh,0.00883340674563715,0.019160239025950432,1.0
32,12,exponential,sigmoid,0.009951174795839948,0.46237093210220337,0.6666666865348816
49,43,sigmoid,linear,0.008567663189846482,0.12280645221471786,0.9333333373069763
23,39,relu,exponential,0.006795385165379619,0.03361684828996658,0.9666666388511658
34,27,tanh,sigmoid,0.006804938314275471,0.07487787306308746,0.9666666388511658
6,13,linear,selu,0.0075122148749843,0.00590906385332346,1.0
43,16,selu,elu,0.0023591087984659244,0.09253564476966858,0.9666666388511658
10,15,exponential,elu,0.003151213112635708,0.08471579104661942,0.9666666388511658
29,38,tanh,exponential,0.007873397822107279,0.24603228271007538,0.8333333134651184
24,25,selu,linear,0.003624839871555161,0.24250145256519318,0.9333333373069763
45,12,elu,tanh,0.009952035331441407,0.04856215789914131,1.0
17,27,tanh,exponential,0.004515307403815567,0.024791086092591286,1.0
38,42,relu,sigmoid,0.005951013812944768,0.01487309392541647,1.0
49,21,sigmoid,linear,0.009629166387024653,0.03622047230601311,0.9666666388511658
28,28,exponential,tanh,0.001345602421987589,0.13974107801914215,0.9333333373069763
14,31,sigmoid,sigmoid,0.0026574110757538526,0.027959533035755157,1.0
33,9,linear,elu,0.0015633195576235564,0.051036346703767776,0.9666666388511658
10,48,sigmoid,exponential,0.004308298105389522,0.134537011384964,0.9333333373069763
20,49,sigmoid,elu,0.0038854865684312487,0.29719388484954834,0.8999999761581421
6,17,sigmoid,linear,0.006526033291911659,0.0023538104724138975,1.0
33,32,linear,elu,0.0036571721423806843,0.1209225282073021,0.8999999761581421
11,6,sigmoid,elu,0.009966522838928226,0.01116244401782751,1.0
9,50,tanh,elu,0.0005880881165835036,0.10867393761873245,0.9666666388511658
44,26,exponential,tanh,0.00840287913339346,0.42730483412742615,0.800000011920929
19,13,selu,elu,0.0034819838624138215,0.07894505560398102,0.9666666388511658
26,21,sigmoid,sigmoid,0.006764511182656242,0.018813936039805412,1.0
16,8,sigmoid,selu,0.008849450473291652,0.017861219123005867,1.0
7,42,linear,relu,0.00035304456236214096,0.06991036236286163,1.0
42,14,relu,tanh,0.005763150388537924,0.3246828019618988,0.8666666746139526
43,44,selu,tanh,0.00045306969371866623,0.19321367144584656,0.9666666388511658
45,11,elu,relu,0.0068586797916314075,0.052240390330553055,1.0
37,25,selu,sigmoid,0.0017415646207553828,0.04390367493033409,1.0
23,21,linear,relu,0.0030396539780749945,0.016317283734679222,1.0
19,15,sigmoid,linear,0.0005819221446798794,0.010886240750551224,1.0
20,46,relu,relu,0.008849558387948386,0.10579106956720352,0.9333333373069763
35,24,linear,linear,0.004581509740828039,0.0859910398721695,0.9666666388511658
5,49,exponential,elu,0.0055889363571422655,0.10526755452156067,0.9333333373069763
19,32,selu,sigmoid,0.004441179731106326,0.00896709319204092,1.0
41,15,relu,relu,0.00841476376217304,0.12290298193693161,0.9666666388511658
31,31,linear,linear,0.005081162807845173,0.05383056402206421,1.0
12,45,sigmoid,exponential,0.008059211343650443,0.35456281900405884,0.8666666746139526
11,33,elu,elu,0.005701491852943015,0.15506233274936676,0.9333333373069763
38,45,exponential,elu,0.005244187749161315,0.006545162759721279,1.0
41,20,selu,tanh,0.0036946282232478756,0.21447154879570007,0.8666666746139526
24,48,selu,selu,0.009989041015452319,0.10757557302713394,0.9666666388511658
28,9,selu,tanh,0.007951069038395538,0.16019633412361145,0.9666666388511658
17,20,sigmoid,elu,0.007688384712803572,0.2554734945297241,0.8666666746139526
16,41,sigmoid,selu,0.002814621382270869,0.08071444183588028,0.9666666388511658
34,9,sigmoid,selu,0.0028886010335600126,0.18781334161758423,0.9666666388511658
19,15,elu,tanh,0.005487799407507403,0.08221478760242462,0.9666666388511658
50,44,tanh,tanh,0.006780817952789546,0.025350110605359077,1.0
26,9,sigmoid,selu,0.009766051972340376,0.1108086109161377,0.9333333373069763
48,18,selu,elu,0.003355327826183024,0.044294390827417374,0.9666666388511658
50,50,tanh,linear,0.0035839847211215424,0.011774483136832714,1.0
24,13,sigmoid,elu,0.009932966862771253,0.021902399137616158,1.0
41,21,linear,exponential,0.0062214866032936356,0.22587747871875763,0.9666666388511658
39,16,sigmoid,sigmoid,0.007875991139705768,0.0839562714099884,0.9333333373069763
35,5,exponential,linear,0.003908826011421749,0.3265429437160492,0.8999999761581421
6,17,linear,elu,0.00658657922863895,0.08846006542444229,0.9666666388511658
37,19,tanh,exponential,0.00914929823904161,0.061897631734609604,1.0
27,49,relu,exponential,0.004854425024014382,0.059713903814554214,0.9666666388511658
44,35,elu,selu,0.00024396962548063345,0.06672950834035873,0.9666666388511658
17,31,sigmoid,exponential,0.009728740167480484,0.055942997336387634,1.0
10,30,relu,elu,0.003916174541509027,0.10839872807264328,0.9333333373069763
6,15,linear,linear,0.003496248452505389,0.16343262791633606,0.8999999761581421
29,10,selu,selu,0.006570322418647349,0.02177748829126358,1.0
25,28,elu,tanh,0.004490962658688255,0.04817855730652809,0.9666666388511658
50,11,relu,elu,0.008737054968837768,0.06427396088838577,0.9666666388511658
17,40,sigmoid,elu,0.0007964341052922088,0.0036442982964217663,1.0
41,7,linear,exponential,0.0017692207035779944,0.001474238932132721,1.0
28,22,exponential,elu,0.000891955066622331,0.11166973412036896,0.8999999761581421
9,39,linear,sigmoid,0.009651095352349436,0.03299497067928314,1.0
20,49,relu,relu,0.004420792953135678,0.033635541796684265,1.0
16,50,elu,selu,0.000522102756227297,0.22081798315048218,0.8999999761581421
49,25,exponential,sigmoid,0.005801245969154961,0.03002052567899227,1.0
49,29,tanh,selu,0.0009936407152583014,0.030423035845160484,1.0
50,45,tanh,selu,0.0022559100901880483,0.05877054110169411,0.9666666388511658
31,17,selu,exponential,0.0005868450169139775,0.014187473803758621,1.0
15,11,sigmoid,exponential,0.00382011373775242,0.07525262981653214,0.9666666388511658
48,25,exponential,sigmoid,0.005550816187556575,0.24635006487369537,0.9333333373069763
29,36,linear,tanh,0.007544097279113727,0.13246114552021027,0.9333333373069763
9,35,exponential,selu,0.0045898682827352445,0.0275067500770092,1.0
39,19,exponential,selu,0.008335453345480756,0.12500356137752533,0.9333333373069763
33,49,elu,exponential,0.003266404790451273,0.025462541729211807,1.0
17,34,elu,relu,0.007120971399706006,0.021358603611588478,1.0
36,10,elu,exponential,0.007742814351754023,0.09117858111858368,0.9666666388511658
39,6,elu,exponential,0.005648154497302681,0.09201744943857193,0.9666666388511658
17,31,selu,relu,0.00724786998403672,0.14323076605796814,0.9333333373069763
38,35,exponential,relu,0.007664767923415635,0.11097321659326553,0.9333333373069763
22,37,linear,exponential,0.003972138459690163,0.17342405021190643,0.9666666388511658
48,31,sigmoid,selu,0.002371425083327243,0.07009169459342957,0.9333333373069763
29,44,linear,linear,0.009059005841005326,0.08009744435548782,0.9666666388511658
5,44,sigmoid,relu,0.006841839453902299,0.07483167946338654,0.9666666388511658
39,6,linear,elu,0.005278687021759795,0.05448831990361214,0.9666666388511658
48,18,sigmoid,exponential,0.00653182501927087,0.026150738820433617,1.0
42,26,exponential,tanh,0.008245050102406398,0.41977259516716003,0.699999988079071
5,34,sigmoid,linear,0.007940852627212542,0.045551955699920654,0.9666666388511658
29,6,elu,relu,0.00875732699751049,0.13695622980594635,0.9666666388511658
34,19,linear,selu,0.006760618692473002,0.03192945942282677,0.9666666388511658
19,29,elu,relu,0.004674283596179601,0.0014472941402345896,1.0
46,6,tanh,tanh,0.009816586103617991,0.05892353132367134,0.9666666388511658
43,27,tanh,elu,0.0017302769904958479,0.1467636674642563,0.9333333373069763
30,14,relu,exponential,0.006378496469006636,1.8203986883163452,0.8999999761581421
10,49,sigmoid,linear,0.006353216242058044,0.036025941371917725,1.0
25,21,linear,exponential,0.008178486457533508,0.5137344002723694,0.6000000238418579
5,45,exponential,sigmoid,0.009183000174750848,0.048593562096357346,1.0
33,13,sigmoid,selu,0.007577137924297423,0.006231522653251886,1.0
21,20,linear,relu,0.006166755355283416,0.20779664814472198,0.8999999761581421
40,25,linear,elu,0.0012976721394477766,0.05521203950047493,0.9666666388511658
40,47,sigmoid,sigmoid,0.0035304205978436906,0.0028395901899784803,1.0
37,14,tanh,sigmoid,0.007278186666655608,0.08619293570518494,0.9666666388511658
33,10,tanh,exponential,0.003500732995610988,0.06928225606679916,0.9666666388511658
22,21,relu,linear,0.00034527399515143977,0.1347886174917221,0.9666666388511658
16,42,tanh,tanh,0.004089353268704145,0.20290513336658478,0.9333333373069763
45,17,sigmoid,selu,0.009991550255998669,0.14080213010311127,0.9333333373069763
22,26,relu,sigmoid,0.005255656313131081,0.05721607431769371,0.9666666388511658
36,14,sigmoid,sigmoid,0.00863387510067868,0.1544150710105896,0.9666666388511658
10,34,relu,sigmoid,0.006671606534419218,0.01372622326016426,1.0
48,38,linear,tanh,0.00045371647261557363,0.013860519975423813,1.0
45,31,linear,linear,0.008860099410168347,0.18959468603134155,0.8999999761581421
44,41,relu,tanh,0.009074605144361586,0.10203724354505539,0.9666666388511658
49,15,exponential,sigmoid,0.004139000325275188,0.07408761233091354,0.9666666388511658
22,47,linear,selu,0.009052081889424905,0.09815457463264465,0.9333333373069763
50,30,exponential,selu,0.0054249092760282015,0.051499415189027786,0.9666666388511658
30,38,elu,relu,0.002700405485412091,0.1811831146478653,0.9666666388511658
23,50,linear,elu,0.006565170428944612,0.014011966064572334,1.0
